"Model","RMSE","MSE","MAE"
"UBCF",1.23249610802461,1.51904665629582,0.966472679462185
"IBCF",1.54874983305899,2.39862604540024,1.20609318996416
